top_genre,total_canciones,popularity_promedio,tasa_premium,tasa_zona_critica,popularity_global
acid jazz,1,69.0,0.0,0.0,59.53
acoustic pop,4,66.75,50.0,0.0,59.53
adult standards,123,62.58,20.33,13.01,59.53
afropop,1,59.0,0.0,0.0,59.53
alaska indie,1,41.0,0.0,100.0,59.53
album rock,413,60.69,20.82,19.85,59.53
alternative country,1,51.0,0.0,0.0,59.53
alternative dance,15,56.8,6.67,13.33,59.53
alternative hip hop,2,74.5,50.0,0.0,59.53
alternative metal,70,66.01,37.14,5.71,59.53
alternative pop,1,43.0,0.0,100.0,59.53
alternative pop rock,7,49.71,0.0,57.14,59.53
alternative rock,86,66.94,39.53,3.49,59.53
arkansas country,9,52.0,11.11,44.44,59.53
art pop,14,59.43,7.14,14.29,59.53
art rock,40,60.2,15.0,15.0,59.53
atl hip hop,1,79.0,100.0,0.0,59.53
australian alternative rock,1,33.0,0.0,100.0,59.53
australian americana,1,50.0,0.0,0.0,59.53
australian dance,1,71.0,0.0,0.0,59.53
australian indie folk,1,67.0,0.0,0.0,59.53
australian pop,8,63.38,37.5,25.0,59.53
australian psych,2,80.5,100.0,0.0,59.53
australian rock,3,55.0,0.0,33.33,59.53
austropop,2,42.0,0.0,50.0,59.53
barbadian pop,3,64.0,0.0,0.0,59.53
baroque pop,6,66.83,50.0,16.67,59.53
basshall,1,39.0,0.0,100.0,59.53
bebop,1,65.0,0.0,0.0,59.53
belgian pop,4,54.5,0.0,25.0,59.53
belgian rock,8,43.88,0.0,75.0,59.53
big beat,11,57.36,0.0,18.18,59.53
big room,7,69.43,42.86,0.0,59.53
blues,8,59.12,0.0,0.0,59.53
blues rock,15,55.53,6.67,33.33,59.53
bow pop,2,62.0,0.0,0.0,59.53
boy band,6,72.83,66.67,0.0,59.53
brill building pop,6,60.0,16.67,16.67,59.53
british alternative rock,2,28.0,0.0,100.0,59.53
british folk,4,64.25,25.0,0.0,59.53
british invasion,36,68.08,27.78,2.78,59.53
british singer-songwriter,1,66.0,0.0,0.0,59.53
british soul,31,66.39,38.71,6.45,59.53
britpop,11,53.64,0.0,36.36,59.53
bubblegum pop,3,52.0,0.0,33.33,59.53
canadian folk,7,60.86,0.0,14.29,59.53
canadian pop,5,63.0,60.0,40.0,59.53
canadian rock,1,57.0,0.0,0.0,59.53
candy pop,2,47.0,0.0,50.0,59.53
carnaval limburg,10,36.5,0.0,100.0,59.53
ccm,1,80.0,100.0,0.0,59.53
celtic,5,48.6,0.0,60.0,59.53
celtic punk,1,83.0,100.0,0.0,59.53
celtic rock,7,66.71,42.86,0.0,59.53
chamber pop,7,56.0,0.0,28.57,59.53
chanson,9,50.56,0.0,33.33,59.53
chicago soul,1,67.0,0.0,0.0,59.53
christelijk,3,46.67,0.0,66.67,59.53
classic canadian rock,1,71.0,0.0,0.0,59.53
classic country pop,5,67.8,40.0,0.0,59.53
classic italian pop,1,24.0,0.0,100.0,59.53
classic rock,51,62.16,27.45,17.65,59.53
classic schlager,3,45.33,0.0,66.67,59.53
classic soul,11,69.09,36.36,9.09,59.53
classic soundtrack,1,54.0,0.0,0.0,59.53
classic uk pop,22,45.77,4.55,77.27,59.53
classical rock,1,39.0,0.0,100.0,59.53
compositional ambient,1,28.0,0.0,100.0,59.53
contemporary country,2,65.5,50.0,0.0,59.53
contemporary vocal jazz,1,63.0,0.0,0.0,59.53
cyberpunk,1,61.0,0.0,0.0,59.53
dance pop,83,68.52,50.6,9.64,59.53
dance rock,52,59.38,15.38,19.23,59.53
danish pop,1,80.0,100.0,0.0,59.53
danish pop rock,2,53.0,0.0,0.0,59.53
detroit hip hop,7,76.0,85.71,0.0,59.53
disco,18,61.67,11.11,11.11,59.53
diva house,1,57.0,0.0,0.0,59.53
downtempo,4,49.5,0.0,50.0,59.53
dutch americana,12,42.83,0.0,58.33,59.53
dutch cabaret,51,46.06,0.0,56.86,59.53
dutch hip hop,13,53.85,0.0,38.46,59.53
dutch indie,75,37.27,0.0,86.67,59.53
dutch metal,4,50.25,0.0,50.0,59.53
dutch pop,88,45.24,1.14,65.91,59.53
dutch prog,5,31.2,0.0,100.0,59.53
dutch rock,18,44.11,0.0,77.78,59.53
east coast hip hop,6,69.83,66.67,16.67,59.53
edm,3,57.33,0.0,0.0,59.53
electro,7,71.14,42.86,0.0,59.53
electro house,1,80.0,100.0,0.0,59.53
electronica,1,67.0,0.0,0.0,59.53
electropop,3,78.33,66.67,0.0,59.53
eurodance,3,66.0,0.0,0.0,59.53
europop,27,56.7,14.81,29.63,59.53
finnish metal,2,48.0,0.0,50.0,59.53
folk,8,61.75,25.0,12.5,59.53
folk-pop,4,75.25,75.0,0.0,59.53
funk,13,57.46,15.38,30.77,59.53
g funk,5,67.0,60.0,20.0,59.53
gabba,2,53.5,0.0,50.0,59.53
gangster rap,1,74.0,100.0,0.0,59.53
garage rock,4,65.75,25.0,0.0,59.53
german alternative rock,1,42.0,0.0,100.0,59.53
german pop,9,49.67,11.11,77.78,59.53
german pop rock,1,73.0,100.0,0.0,59.53
glam metal,17,71.94,64.71,0.0,59.53
glam rock,49,58.71,18.37,24.49,59.53
happy hardcore,1,37.0,0.0,100.0,59.53
hard rock,1,48.0,0.0,100.0,59.53
hip pop,1,75.0,100.0,0.0,59.53
icelandic indie,1,76.0,100.0,0.0,59.53
indie anthem-folk,1,75.0,100.0,0.0,59.53
indie pop,2,83.0,100.0,0.0,59.53
irish pop,1,72.0,100.0,0.0,59.53
irish rock,34,58.29,20.59,32.35,59.53
irish singer-songwriter,1,77.0,100.0,0.0,59.53
italian pop,3,37.0,0.0,100.0,59.53
j-core,1,37.0,0.0,100.0,59.53
la pop,1,78.0,100.0,0.0,59.53
laboratorio,1,57.0,0.0,0.0,59.53
latin,2,71.0,50.0,0.0,59.53
latin alternative,1,70.0,0.0,0.0,59.53
latin jazz,1,68.0,0.0,0.0,59.53
levenslied,1,39.0,0.0,100.0,59.53
mellow gold,11,64.64,36.36,9.09,59.53
metropopolis,4,57.75,0.0,50.0,59.53
modern folk rock,7,62.14,0.0,0.0,59.53
modern rock,49,68.59,48.98,8.16,59.53
motown,1,63.0,0.0,0.0,59.53
nederpop,2,39.0,0.0,100.0,59.53
neo mellow,17,71.41,58.82,5.88,59.53
neo soul,2,73.5,50.0,0.0,59.53
new wave pop,2,62.0,50.0,50.0,59.53
operatic pop,1,59.0,0.0,0.0,59.53
permanent wave,38,67.66,34.21,2.63,59.53
pop,47,67.62,42.55,12.77,59.53
pop punk,1,79.0,100.0,0.0,59.53
punk,2,52.5,0.0,0.0,59.53
reggae,8,69.88,62.5,12.5,59.53
reggae fusion,4,59.5,25.0,25.0,59.53
rock-and-roll,1,33.0,0.0,100.0,59.53
scottish singer-songwriter,2,35.5,0.0,100.0,59.53
soft rock,1,70.0,0.0,0.0,59.53
stomp and holler,1,64.0,0.0,0.0,59.53
streektaal,1,28.0,0.0,100.0,59.53
trance,1,58.0,0.0,0.0,59.53
uk pop,1,61.0,0.0,0.0,59.53
yacht rock,1,64.0,0.0,0.0,59.53
